URL,Email,Sendt?
https://vibbo.no/se-stokkagarden,stokkahagen@styrerommet.no,Nei
https://vibbo.no/schancheholen,styret.schancheholen@gmail.com,Nei
https://vibbo.no/eierseksjonssameiet-holmen,holmen@styrerommet.no,Nei
https://vibbo.no/se-bredegarden,bredegarden@styrerommet.no,Nei
https://vibbo.no/vestlia-i,borettslagetvestlia1@styrerommet.no,Ja
https://vibbo.no/haugesundsgaten-7,haugesundsgata7@styrerommet.no,Nei
https://vibbo.no/hamnetunet,styret@hamnetunet.no,Nei
https://vibbo.no/marius,sameietmarius@styrerommet.no,Nei
https://vibbo.no/asen-1-2,asenborettslag@styrerommet.no,Nei
https://vibbo.no/mariamarka,mariamarka@styrerommet.no,Nei
https://vibbo.no/,Ingen funnet,Nei
https://vibbo.no/se-hundvag-alle,hundvagalle@styrerommet.no,Nei
https://vibbo.no/lunden-27-47/tema/vibbo,Ingen funnet,Nei
https://vibbo.no/auklend-vest,auklendvest@styrerommet.no,Nei
https://vibbo.no/vaulen-terrasse-1,Vaulenterrasse1@styrerommet.no,Nei
https://vibbo.no/winsnestunet,winsnestunet@styrerommet.no,Nei
https://vibbo.no/axel-paulsens-gate,sapg@styrerommet.no,Nei
https://vibbo.no/mariabakken,mariabakken@styrerommet.no,Nei
https://vibbo.no/tjensvoll-terrasse-i,tjensvollterrasse1@styrerommet.no,Nei
https://vibbo.no/hegretunet-1,hegretunet@styrerommet.no,Nei
https://vibbo.no/jatunet-b1-og-b2,jatunet@gmail.com,Nei
https://vibbo.no/badedammen-vest,badedammen-vest@styrerommet.no,Nei
https://vibbo.no/odden-1,Ingen funnet,Nei
https://vibbo.no/jatunet-velforening,terjomd@hotmail.com,Nei
https://vibbo.no/vagetunet,vagetunet@styrerommet.no,Nei
https://vibbo.no/emmaustunet,emmaustunet@styrerommet.no,Nei
https://vibbo.no/se-stokka-terrasse,stokkaterrasse@styrerommet.no,Nei
https://vibbo.no/heimdal,heimdalborettslag@styrerommet.no,Nei
https://vibbo.no/se-heimdalsveien-7,heimdalsvn7@styrerommet.no,Nei
https://vibbo.no/vestas-5-8,vestasborettslag@styrerommet.no,Nei
https://vibbo.no/mariebo,mariebo@styrerommet.no,Nei
https://vibbo.no/se-gauselbakken-panorama-ii,gauselbakkenpanorama2@styrerommet.no,Nei
https://vibbo.no/kittihagen,kittihagen@styrerommet.no,Nei
https://vibbo.no/se-badehusgata-41,badehusgt41@styrerommet.no,Nei
https://vibbo.no/se-krosshaugveien-14-42,krosshaugvn14-42@styrerommet.no,Nei
https://vibbo.no/ostre-hageby-felles,ostre-hageby-felles@styrerommet.no,Nei
https://vibbo.no/vagsmyra,vagsmyra@styrerommet.no,Nei
https://vibbo.no/se-heimdalsveien-5,heimdalsvn5@styrerommet.no,Nei
https://vibbo.no/mosvannet-park-fellesanlegg,arba@lyse.net,Nei
https://vibbo.no/kampensgate-32,thor.roncale@gmail.com,Nei
https://vibbo.no/ryttertunet,ryttertunet@styrerommet.no,Nei
https://vibbo.no/soras,soras@styrerommet.no,Nei
https://vibbo.no/hinna-brygge-iii,hinnabrygge3@styrerommet.no,Nei
https://vibbo.no/se-ovre-tastarusta-blokk-feltc,styret.tastarustaa@gmail.com,Nei
https://vibbo.no/hageby-b1,hagebyb1@styrerommet.no,Nei
https://vibbo.no/egenes-park,egenespark@styrerommet.no,Nei
https://vibbo.no/se-marieroveien-7-17,marierovn7-17@styrerommet.no,Nei
https://vibbo.no/vestas-1-2-4,vestas@styrerommet.no,Nei
https://vibbo.no/kannik-boligpark,sameietkannik@styrerommet.no,Nei
https://vibbo.no/se-bjergsted-park,bjergstedpark@styrerommet.no,Nei
https://vibbo.no/paradis-stasjon,paradis-stasjon@styrerommet.no,Nei
https://vibbo.no/kristianslyst-iii/tema/gatekunst--zgy1odq4,Ingen funnet,Nei
https://vibbo.no/kristianslyst-i,kristianslyst1@styrerommet.no,Nei
https://vibbo.no/fem-grader-ost,5graderost@styrerommet.no,Nei
https://vibbo.no/se-lervig-maritim-a,lervigmaritima@styrerommet.no,Nei
https://vibbo.no/hinna-brygge-ii,hinnabrygge2@styrerommet.no,Nei
https://vibbo.no/se-gauselbakken-panorama-iv,gauselbakkenpanorama4@styrerommet.no,Nei
https://vibbo.no/se-ovre-tastarusta-blokk-felta,styret.tastarustaaa@gmail.com,Nei
https://vibbo.no/kvartalet-tasta,styret@kvartalet-tasta.no,Nei
https://vibbo.no/se-gauselbakken-panorama-i,gauselbakkenpanorama1@styrerommet.no,Nei
https://vibbo.no/se-boganeset,boganeset@styrerommet.no,Nei
https://vibbo.no/holmen-parkering,holmenparkering@styrerommet.no,Nei
https://vibbo.no/randaberg-r3d,randaberg@styrerommet.no,Nei
https://vibbo.no/fred-og-ro,fredogro@styrerommet.no,Nei
https://vibbo.no/halandsparken-1,r.eide@lyse.net,Nei
https://vibbo.no/se-halandsparken-2,halandsparken2@styrerommet.no,Nei
https://vibbo.no/horisont-hafrsfjord,horisonthafrsfjord@styrerommet.no,Nei
https://vibbo.no/se-hafrsfjord-panorama,hafrsfjordpanorama@styrerommet.no,Nei
https://vibbo.no/mjughauglia,mjughauglia@styrerommet.no,Nei
https://vibbo.no/sundetoppen,sundetoppen@styrerommet.no,Nei
https://vibbo.no/eierseksjonsse-madlaparken,madlastokken@styrerommet.no,Nei
https://vibbo.no/sundetunet,sundetunet@styrerommet.no,Nei
https://vibbo.no/madla-view,madlaview@styrerommet.no,Nei
https://vibbo.no/rytterlia,rytterlia@styrerommet.no,Nei
https://vibbo.no/madla-tress,madlatress@styrerommet.no,Nei
https://vibbo.no/mjughaug-terrasse,mjughaugterrasse@styrerommet.no,Nei
https://vibbo.no/rytterfaret-15-17,rytterfaret15-17@styrerommet.no,Nei
https://vibbo.no/madlaveien-294-296,madlaveien@styrerommet.no,Nei
https://vibbo.no/fredtunveien-10e,fredtunveien10e@styrerommet.no,Nei
https://vibbo.no/se-fredtunvegen-10c,fredtunveien10c@styrerommet.no,Nei
https://vibbo.no/tunbakken-9,tunbakken9@styrerommet.no,Nei
https://vibbo.no/kjeldsbergsvingen-7,kjeldsbergsvingen7@styrerommet.no,Nei
https://vibbo.no/se-skadberg-alle,skadbergalle@styrerommet.no,Nei
https://vibbo.no/litlabergarmen-37-51,litlabergarmen-37-51@styrerommet.no,Nei
https://vibbo.no/byhagen-sandnes,byhagensandnes@styrerommet.no,Nei
https://vibbo.no/sandnesporten,sandnesporten@styrerommet.no,Nei
https://vibbo.no/nygaardshagen,nygaardshagen@styrerommet.no,Nei
https://vibbo.no/rossalandtunet-17,rundeskogen9@styrerommet.no,Ja
https://vibbo.no/tre-taarn,tretaarn@styrerommet.no,Nei
https://vibbo.no/eierseksjonsse-hovemarka-ii,hovemarka2@styrerommet.no,Nei
https://vibbo.no/ankeret-i-havneparken,havneparken@styrerommet.no,Nei
https://vibbo.no/brueland-gard,bruelandgard@styrerommet.no,Nei
https://vibbo.no/se-bronsekarveien-44-46,bronsekarveien44-46@styrerommet.no,Nei
https://vibbo.no/oglaendkvartalet,oglaendkvartalet@styrerommet.no,Nei
https://vibbo.no/rovik-brygge,rovikbrygge@styrerommet.no,Nei
https://vibbo.no/jaerveien-17,jarveien17@styrerommet.no,Nei
https://vibbo.no/hove-home-vest,hhv@styrerommet.no,Nei
https://vibbo.no/rossalandtunet-9,rundeskogen2@styrerommet.no,Ja
https://vibbo.no/sjoveien-12-14,sjoveien12-14@styrerommet.no,Nei
https://vibbo.no/bratteboveien-94-110,sameietbratteboveien@styrerommet.no,Nei
https://vibbo.no/borettslaget-vagavegen-21-al/tema/garasje,Ingen funnet,Nei
https://vibbo.no/velfore-bratteboveien-68---110,monika.sivertsen@gmail.com,Nei
https://vibbo.no/odden-1,Ingen funnet,Nei
https://vibbo.no/hogeholen,hogeholen@styrerommet.no,Nei
https://vibbo.no/tarnet-kleppekrossen,tarnet@styrerommet.no,Nei
https://vibbo.no/stasjonen,stasjonen@styrerommet.no,Nei
https://vibbo.no/haugabakka-vest-b8,haugabakkab8@styrerommet.no,Nei
https://vibbo.no/kleppestemmen-f2-bygg-1---5,kleppestemmenf2@styrerommet.no,Nei
https://vibbo.no/dynjarbakken-2,monica-bill@hotmail.com,Nei
https://vibbo.no/kanalhuset,kanalhuset@styrerommet.no,Nei
https://vibbo.no/elvegaarden,elvegaarden@styrerommet.no,Nei
https://vibbo.no/solbakkane-ii,solbakkane2@styrerommet.no,Nei
